account_expiration,pam
accounts,pam
accounts-banners,pam
accounts-pam,pam
accounts-physical,pam
accounts-restrictions,pam
accounts-session,pam
aide,aide
apparmor,apparmor
apport,apport
apt,apt
audit_dac_actions,audit
audit_execution_acl_commands,audit
audit_execution_selinux_commands,audit
audit_file_deletion_events,audit
audit_file_modification,audit
audit_kernel_module_loading,audit
audit_login_events,audit
audit_privileged_commands,audit
audit_time_rules,audit
auditd_configure_rules,audit
auditing,audit
avahi,avahi
avahi_configuration,avahi
base
bootloader-grub2,grub2
bootloader-zipl,zipl
certified-vendor
configure_auditd_data_retention,audit
configure_dovecot,dovecot
configure_exports_restrictively
configure_logwatch_on_logserver
configure_printing,cups
configuring_ipv6
configuring_samba,samba
console_screen_locking
coredumps
cron_and_at,cronie
crypto,crypto-policies
daemon_umask
deprecated
dhcp,dhcp
dhcp_client_configuration,dhcp
dhcp_server_configuration,dhcp
disable_avahi_group
disabling_cyrus-imapd
disabling_dhcp_client,dhcp
disabling_dhcp_server,dhcp
disabling_dns_server,bind
disabling_dovecot,dovecot
disabling_httpd,httpd
disabling_ipv6
disabling_netfs
disabling_nfs
disabling_nfs_services
disabling_nfsd
disabling_nginx,nginx
disabling_quagga
disabling_samba,samba
disabling_snmp_service,net-snmp
disabling_squid,squid
disabling_vsftpd,vsftpd
disabling_xwindows
disk_partitioning
dns,bind
dns_server_chroot,bind
dns_server_dedicated,bind
dns_server_isolation,bind
dns_server_partition_with_views,bind
dns_server_protection,bind
dns_server_separate_internal_external,bind
docker,docker
dovecot_allow_imap_access,dovecot
dovecot_enabling_ssl,dovecot
dovecot_support_necessary_protocols,dovecot
enable_execshield_settings
enable_nx
endpoint_security_software
ensure_rsyslog_log_file_configuration,rsyslog
entropy
export_filesystems_read_only,filesystem
fapolicyd,fapolicyd
files,filesystem
fips
firewalld_activation,firewalld
ftp
ftp_configure_vsftpd,vsftpd
ftp_restrict_users,vsftpd
ftp_use_vsftpd,vsftpd
gcc_plugin,kernel
general-principles
gnome,gnome
gnome_login_screen,gnome
gnome_media_settings,gnome
gnome_network_settings,gnome
gnome_remote_access_settings,gnome
gnome_screen_locking,gnome
gnome_system_settings,gnome
gui_login_banner,gnome,gdm
how-to-use
http,httpd
httpd_basic_authentication,httpd
httpd_chroot,httpd
httpd_configure_os_protect_web_server,httpd
httpd_configure_perl_securely,httpd
httpd_configure_php_securely,httpd
httpd_core_modules,httpd
httpd_deploy_mod_security,httpd
httpd_deploy_mod_ssl,httpd
httpd_directory_restrictions,httpd
httpd_minimal_modules_installed,httpd
httpd_minimize_config_files_included,httpd
httpd_minimize_loadable_modules,httpd
httpd_modules_improve_security,httpd
httpd_optional_components,httpd
httpd_restrict_file_dir_access,httpd
httpd_restrict_info_leakage,httpd
httpd_secure_content,httpd
httpd_use_dos_protection_modules,httpd
imap
inetd_and_xinetd,inetd
installing_httpd,httpd
integrity
intro
intro-formatting-conventions
intro-read-sections-completely
intro-reboot-required
intro-root-shell-assumed
intro-test-non-production
iptables_activation
iptables_icmp_disabled
iptables_log_and_drop_suspicious
iptables_ruleset_modifications
journald,systemd
kerberos,krb5
kernel_build_config,kernel
ldap,openldap
ldap_server_config_certificate_files,openldap
locking_out_password_attempts
log_rotation
logging,rsyslog
mail
mcafee_endpoint_security_software,mcafee
mcafee_hbss_software,mcafee
mcafee_security_software,mcafee
mounting
mounting_remote_filesystems
network
network-firewalld,firewalld
network-ipsec,libreswan
network-iptables
network-ipv6,kernel
network-kernel,kernel
network-nftables,nftables
network-susefirewall2,susefirewall2
network-ufw,ufw
network-uncommon
network-wireless
network_disable_unused_interfaces
network_host_and_router_parameters
network_host_parameters
network_ipv6_limit_requests
network_ssl,openssl
nfs_and_rpc
nfs_client_or_server_not_both,libnfs
nfs_configure_fixed_ports,libnfs
nfs_configuring_all_machines,libnfs
nfs_configuring_clients,libnfs
nfs_configuring_servers,libnfs
nis
non-uefi
ntp,ntp
obsolete
openldap_client,openldap
openldap_server,openldap
partitions,filesystem
password_expiration,pam
password_quality,pam
password_quality_pamcracklib,pam
password_quality_pwquality,pam
password_storage
permissions
permissions_important_account_files,filesystem
permissions_local,filesystem
permissions_var_log_dir,filesystem
permissions_within_important_dirs,filesystem
poisoning
policy_rules
postfix_client,postfix
postfix_configure_ssl_certs,postfix
postfix_harden_os,postfix
postfix_install_ssl_cert,postfix
postfix_server_cfg,postfix
postfix_server_dos,postfix
postfix_server_mail_smtpd_recipient_restrictions,postfix
postfix_server_mail_smtpd_relay_restrictions,postfix
postfix_server_relay,postfix
postfix_server_relay_require_tls,postfix
postfix_server_relay_set_trusted,postfix
postfix_server_relay_smtp_auth_for_untrusted,postfix
principle-encrypt-transmitted-data
principle-least-privilege
principle-minimize-software
principle-separate-servers
principle-use-security-tools
printing,cups
proxy
r_services
radius,freeradius
restrict_at_cron_users
restrictions
rng
root_logins
root_paths
routing
rpm_verification,rpm
rsyslog_accepting_remote_messages,rsyslog
rsyslog_sending_messages,rsyslog
ruleset_modifications
sap_host,sap
screen_locking
securing_httpd,httpd
selinux,selinux
selinux-booleans,selinux
services
set_password_hashing_algorithm
smart_card_login,opensc
smb,samba
smb_disable_printing,samba
smb_restrict_file_sharing,samba
snmp,net-snmp
snmp_configure_server,net-snmp
software
software-integrity
ssh,openssh
ssh_client,openssh
ssh_server,openssh
sshd_strengthen_firewall,openssh
sssd,sssd
sssd-ldap,sssd
sudo,sudo
system
system-tools
talk,talk
telnet,telnet
tftp
uefi
updating,rpm
usbguard,usbguard
use_acl_enforce_auth_restrictions
user_umask
wireless_software
xwindows,xorg